{"cameraMode":{"drawMode":0,"name":"Shaded","section":"Shading Mode"},"sceneLighting":true,"audioPlay":false,"sceneViewState":{"showFog":true,"showMaterialUpdate":true,"showSkybox":true,"showFlares":true,"showImageEffects":true,"showParticleSystems":true},"in2DMode":false,"pivot":{"x":-0.107148677110672,"y":14.048017501831055,"z":-0.8546594977378845},"rotation":{"x":0.5967336297035217,"y":0.028870701789855958,"z":-0.02149364911019802,"w":0.8016464710235596},"size":19.92246437072754,"orthographic":false}