{"cameraMode":{"drawMode":0,"name":"Shaded","section":"Shading Mode"},"sceneLighting":false,"audioPlay":false,"sceneViewState":{"showFog":true,"showMaterialUpdate":false,"showSkybox":false,"showFlares":true,"showImageEffects":true,"showParticleSystems":true},"in2DMode":false,"pivot":{"x":13.340625762939454,"y":1.5841362476348878,"z":3.1765952110290529},"rotation":{"x":-0.07688263058662415,"y":0.3812642991542816,"z":-0.03183632344007492,"w":-0.9207178354263306},"size":4.041658401489258,"orthographic":false}