{"cameraMode":{"drawMode":0,"name":"Shaded","section":"Shading Mode"},"sceneLighting":true,"audioPlay":false,"sceneViewState":{"showFog":true,"showMaterialUpdate":true,"showSkybox":true,"showFlares":true,"showImageEffects":true,"showParticleSystems":true},"in2DMode":false,"pivot":{"x":-12.088876724243164,"y":0.36045026779174807,"z":-25.62936782836914},"rotation":{"x":0.03450687229633331,"y":-0.9257749319076538,"z":0.08718274533748627,"w":0.3663311302661896},"size":22.0,"orthographic":false}