{"cameraMode":{"drawMode":0,"name":"Shaded","section":"Shading Mode"},"sceneLighting":true,"audioPlay":false,"sceneViewState":{"showFog":true,"showMaterialUpdate":false,"showSkybox":true,"showFlares":true,"showImageEffects":true,"showParticleSystems":true},"in2DMode":false,"pivot":{"x":13.006433486938477,"y":-3.7816734313964845,"z":24.690502166748048},"rotation":{"x":-0.10371878743171692,"y":-0.33529093861579897,"z":0.03716370463371277,"w":-0.9356564283370972},"size":45.773990631103519,"orthographic":false}