{"cameraMode":{"drawMode":0,"name":"Shaded","section":"Shading Mode"},"sceneLighting":true,"audioPlay":false,"sceneViewState":{"showFog":true,"showMaterialUpdate":false,"showSkybox":true,"showFlares":true,"showImageEffects":true,"showParticleSystems":true},"in2DMode":false,"pivot":{"x":-6.5693559646606449,"y":2.0531184673309328,"z":-10.769488334655762},"rotation":{"x":0.09364736825227738,"y":0.3172810971736908,"z":-0.03164377436041832,"w":0.9432982802391052},"size":19.147415161132814,"orthographic":false}